age_bucket,w
0-44,0.011105066312522439
45-64,0.02567728355965206
65-79,0.048562257568937665
80+,0.9146553925588878
