pair,rho
RI vs garbage,-0.7140786262475975
RI vs overd_unspec,-0.19036719630574797
garbage vs overd_unspec,0.045023900279142486
overd_unspec vs philips,-0.45020400762705404
