comparison,metric,n_pairs,median_diff,q25_diff,q75_diff,share_increase,hl_est,hl_lo,hl_hi,p_value,p_adj_fdr
COVID-era change: 2013–2019 vs 2020–2022,prop_garbage,3111,0.0630104551816413,0.04294526337446419,0.08404519820359808,0.9524268723882996,0.06326168304728895,0.06209432715652607,0.06445374949595604,0,0
Long-run change: 1999–2005 vs 2020–2022,prop_garbage,3111,0.04739175018964781,0.013410330505658277,0.08025051382291508,0.8199935711989714,0.046818579355660826,0.04500388757965075,0.04861542586427705,1.45817602155e-312,1.9442346954e-312
COVID-era change: 2013–2019 vs 2020–2022,ri,3105,-0.013870273968835722,-0.02081649510845761,-0.006355072581512744,0.13623188405797101,-0.013643069318440202,-0.01406676826473288,-0.01320919859832288,0,0
Long-run change: 1999–2005 vs 2020–2022,ri,3104,-0.02583035427307173,-0.03518660139501614,-0.015432870358315816,0.06701030927835051,-0.02548860464773486,-0.026049453920677097,-0.024922467205907732,0,0
COVID-era change: 2013–2019 vs 2020–2022,detail_icd4,3108,0.40909751679611617,-0.2906762336075719,1.106006103364983,0.6611969111969112,0.4077400085130044,0.3702975113190299,0.4443480952747624,1.5773668848727539e-90,1.5773668848727539e-90
Long-run change: 1999–2005 vs 2020–2022,detail_icd4,3106,3.593877125921921,2.763754360736577,4.296953483673091,0.9951706374758532,3.518438093296022,3.476898973465507,3.5590677100138786,0,0
COVID-era change: 2013–2019 vs 2020–2022,agg_index,3034,-1.6173418107791746,-2.4492010555568853,-0.8228138008122398,0.1034937376400791,-1.6352745087011216,-1.6824821566473456,-1.588265644958609,0,0
Long-run change: 1999–2005 vs 2020–2022,agg_index,3037,-0.30259958770106277,-1.2982632257753455,0.7004389190416556,0.41916364833717484,-0.2936563796316509,-0.3503561542177706,-0.23732145118066308,7.331082993472817e-24,7.331082993472817e-24
