period,median,p25,p75,n
1999_2005,0.2641509433962264,0.10989010989010989,0.4375,1589
2020_2022,0.032860508491214295,0.0153994653994654,0.08059881349647757,1114
