period,median,p25,p75,n
2013–2019,0.26455653988991606,0.23972142078367095,0.29175851110204554,1702
2020–2022,0.3317368031260145,0.304010787021715,0.3570419624948634,1114
