period,median,p25,p75,n
1999_2005,50.32057816687282,49.659704119154966,50.99678867415796,1589
2020_2022,55.356609843262675,54.6331768415633,56.06957766516584,1114
