period,median,p25,p75,n
1999_2005,-0.33400435109849497,-0.7195612026870681,0.07376335743527634,1589
2020_2022,0.24796729038244572,-0.04532852221783477,0.5803922740504459,1114
