period,median,p25,p75,n
1999_2005,1.2630568493901273,1.0092363462729108,1.5619776766852729,1589
2020_2022,1.1735342708177579,0.9497322987228076,1.4591932738337383,1114
