period,median,p25,p75,n
1999_2005,0.27881895332390383,0.2580059425552988,0.30549487481095616,1589
2020_2022,0.3317368031260145,0.304010787021715,0.3570419624948634,1114
