period,stage,secs
1999-2004,load,1.981000000000222
1999-2004,clustering,0.3830000000002656
1999-2004,richness,1.4349999999999454
2005-2010,load,1.6350000000002183
2005-2010,clustering,0.3589999999999236
2005-2010,richness,1.3779999999997017
2011-2017,load,1.681999999999789
2011-2017,clustering,0.4619999999999891
2011-2017,richness,2.2909999999997126
2018-2022,load,1.4769999999998618
2018-2022,clustering,0.38400000000001455
2018-2022,richness,1.538000000000011
