term,estimate,std.error,statistic,p.value,conf.low,conf.high,metric
(Intercept),56.59750424045067,0.6973785107382,81.15751112052506,0,55.23039228898707,57.96461619191427,detail_ucod_root3_cstd
age65p,-1.1874353925633363,0.8568560295338012,-1.3858050263232633,0.16585783997940468,-2.8671804673281427,0.49230968220146987,detail_ucod_root3_cstd
age0_14,-0.3847304675789857,2.9961526350419305,-0.1284081668868654,0.8978302627425718,-6.258264011707178,5.488803076549207,detail_ucod_root3_cstd
age15_44,-2.252902325044317,1.508367884044065,-1.4936026872993944,0.13533196570716535,-5.209844257908994,0.7040396078203597,detail_ucod_root3_cstd
period2006_2012,1.5362893212938211,0.034568857242395265,44.44142629654865,0,1.4685219651782853,1.604056677409357,detail_ucod_root3_cstd
period2013_2019,2.582537626942272,0.036723286019903295,70.32425218000883,0,2.510546817874063,2.6545284360104815,detail_ucod_root3_cstd
period2020_2022,3.9180341360597026,0.03995915642597778,98.05097220502272,0,3.83969986065662,3.996368411462785,detail_ucod_root3_cstd
