term,estimate,std.error,statistic,p.value,conf.low,conf.high,metric
(Intercept),52.14777596466412,1.4114186827514843,36.947063689850594,1.7517313761510696e-269,49.380889230993404,54.91466269833484,detail_mcod_icd4_cstd
age65p,-0.5205321909771383,1.7341839329578566,-0.30015973570306864,0.7640656920948184,-3.9201545542662433,2.8790901723119666,detail_mcod_icd4_cstd
age0_14,-5.798401105351882,6.063888892987119,-0.9562182301951024,0.33900043309089156,-17.685797763408914,6.08899555270515,detail_mcod_icd4_cstd
age15_44,-6.460629216726269,3.0527734640813065,-2.116314653786639,0.034359033582414114,-12.445159889228218,-0.4760985442243184,detail_mcod_icd4_cstd
period2006_2012,1.2862513560643998,0.06996362836250643,18.384571900700667,1.7478581374792238e-73,1.14909755647156,1.4234051556572396,detail_mcod_icd4_cstd
period2013_2019,2.270793285139425,0.07432395920208662,30.552641564278684,1.0535010808909766e-190,2.125091673545875,2.4164948967329747,detail_mcod_icd4_cstd
period2020_2022,3.916257410556585,0.08087301093765223,48.424775647042026,0,3.75771730916075,4.07479751195242,detail_mcod_icd4_cstd
