term,estimate,std.error,statistic,p.value,conf.low,conf.high,metric
(Intercept),51.17773590307325,0.8880670428926466,57.628234616583825,0,49.43680605028165,52.91866575586484,detail_ucod_icd4_cstd
age65p,-0.8237172029883069,1.0911514889200256,-0.7549063639216461,0.45033473264528534,-2.962765393304386,1.3153309873277723,detail_ucod_icd4_cstd
age0_14,-0.5406255050718282,3.815409235710695,-0.14169528657942929,0.8873254450240007,-8.020195760747288,6.938944750603632,detail_ucod_icd4_cstd
age15_44,-3.2470689188637816,1.920810271253281,-1.690468323425379,0.09099022342849895,-7.012545826869916,0.5184079891423528,detail_ucod_icd4_cstd
period2006_2012,1.54539132152524,0.04402123431497127,35.10558814566598,9.04608411849064e-246,1.4590939168540349,1.631688726196445,detail_ucod_icd4_cstd
period2013_2019,2.839200471139944,0.04676476191741934,60.712390157221655,0,2.7475247685763837,2.930876173703504,detail_ucod_icd4_cstd
period2020_2022,5.0206286704742435,0.05088543644130812,98.66533573442172,0,4.9208749682262125,5.120382372722275,detail_ucod_icd4_cstd
